PubDate,URL,Title,Publication,PositionIDList,Category,Tags
2026-05-06,https://old.reddit.com/r/kitchener/comments/1t5t7zr/municipal_election/,Municipal Election,Reddit,Kitchener-Ward-03,Opinion,
2026-05-06,https://www.cambridgetoday.ca/2026-municipal-election-news/we-can-turn-the-tide-jan-liggett-seeking-second-term-as-mayor-12236959,We can turn the tide:' Jan Liggett seeking second term as mayor,Cambridge Today,Cambridge-Mayor,Article,
2026-05-06,https://old.reddit.com/r/kitchener/comments/1t5ql0m/we_can_turn_the_tide_jan_liggett_seeking_second/,We can turn the tide:' Jan Liggett seeking second term as mayor (Reddit discussion),Reddit,Cambridge-Mayor,Opinion,
2026-05-06,https://old.reddit.com/r/WoolwichTownship/comments/1t5rzc2/woolwich_ward_2_coun_eric_schwindt_seeks_mayors/,Woolwich Ward 2 Coun. Eric Schwindt seeks mayor’s office (Reddit discussion),Reddit,"Woolwich-Mayor,Woolwich-Ward-02",Opinion,
2026-05-06,https://www.therecord.com/news/municipal-elections/woolwich-ward-2-coun-eric-schwindt-seeks-mayors-office/article_b72d9021-5088-59b7-8ce8-29d5935de19c.html,Woolwich Ward 2 Coun. Eric Schwindt seeks mayor’s office,Waterloo Region Record,"Woolwich-Mayor,Woolwich-Ward-03",Article,
2026-05-07,https://old.reddit.com/r/waterloo/comments/1t5vbgp/kitchener_city_council_candidate_matt_parker/,Kitchener City Council Candidate: Matt Parker,Reddit,Kitchener-Ward-03,Opinion,
2026-05-06,https://old.reddit.com/r/waterloo/comments/1t5khbu/new_mayor_in_woolwich/,New Mayor in Woolwich?,Reddit,Woolwich-Mayor,Opinion,
2026-05-05,https://www.youtube.com/watch?v=KNP5mXwyvU4,Woolwich Township Mayor Will Not Seek Re-Election,Rogers tv,Woolwich-Mayor,Article,
2026-05-06,https://www.therecord.com/news/municipal-elections/woolwich-ward-2-coun-eric-schwindt-seeks-mayors-office/article_b72d9021-5088-59b7-8ce8-29d5935de19c.html,Woolwich Ward 2 Coun. Eric Schwindt seeks mayor’s office,Waterloo Region Record,"Woolwich-Mayor,Woolwich-Ward-02",Article,
2026-05-01,https://www.therecord.com/news/municipal-elections/scott-hamilton-mayoral-race/article_aaca1f2e-1489-55de-91bf-69185785cbcd.html,First to file: Scott Hamilton enters Cambridge mayoral race,Waterloo Region Record,Cambridge-Mayor,Article,
2026-05-01,https://old.reddit.com/r/waterloo/comments/1t118nw/first_to_file_scott_hamilton_enters_cambridge/,First to file: Scott Hamilton enters Cambridge mayoral race (Reddit discussion),Reddit,Cambridge-Mayor,Opinion,
2025-12-05,https://www.cbc.ca/news/canada/toronto/ontario-school-trustees-9.7004902,Ontario education minister to make decision on school trustee elimination in early 2026,CBC,Alias-All-SchoolBoards,Article,
